{"1": [0.5030336380004883, 0.4701993465423584, 0.47309374809265137, 0.4692544937133789, 0.47144055366516113, 0.4739418029785156, 0.4717097282409668, 0.5186829566955566, 0.48264122009277344, 0.5089499950408936], "2": [0.5196752548217773, 0.4876236915588379, 0.48667073249816895, 0.47872233390808105, 0.4859590530395508, 0.4830749034881592, 0.4893937110900879, 0.4838094711303711, 0.4878809452056885, 0.49312329292297363], "4": [0.7515051364898682, 0.5891964435577393, 0.5251569747924805, 0.5418984889984131, 0.5610647201538086, 0.5883960723876953, 0.5218138694763184, 0.6238405704498291, 0.526848316192627, 0.6588490009307861], "8": [0.9918172359466553, 0.9151747226715088, 0.9049630165100098, 0.9106180667877197, 0.915858268737793, 0.9139368534088135, 0.9316456317901611, 0.9046022891998291, 0.9155874252319336, 0.9230458736419678], "16": [1.801163911819458, 1.8244903087615967, 1.814709186553955, 1.7864491939544678, 2.0231435298919678, 1.811997890472412, 1.909792423248291, 1.8167541027069092, 1.8140459060668945, 1.7890636920928955], "32": [4.5010881423950195, 3.609487771987915, 3.580618143081665, 3.6100478172302246, 3.798624277114868, 3.604928970336914, 3.6191718578338623, 3.601773977279663, 3.5891058444976807, 3.589461326599121], "64": [7.895854949951172, 7.246360540390015, 7.234426021575928, 7.21526837348938, 7.638655424118042, 7.237372159957886, 7.246691465377808, 7.213843584060669, 7.256244659423828, 7.210968971252441], "128": [14.462242841720581, 14.437265872955322, 14.452677726745605, 14.428821563720703, 15.57123851776123, 14.426702976226807, 14.430392742156982, 14.458789825439453, 14.54398488998413, 14.46515440940857], "256": [29.27769160270691, 29.034071683883667, 29.135804891586304, 28.91698932647705, 28.94352960586548, 29.20763325691223, 28.960110664367676, 28.959888696670532, 29.06658124923706, 28.96895170211792]}