{"5": [4.092475891113281, 4.071211338043213, 4.06362771987915, 4.051659822463989, 4.042547702789307, 4.0558555126190186], "10": [8.637365102767944, 8.408740997314453, 8.41110873222351, 11.126327753067017, 6.04173731803894, 6.029171705245972], "15": [18.098957300186157, 14.310333728790283, 11.108325242996216, 14.255267858505249, 11.083060026168823, 14.33259105682373], "20": [30.904876232147217, 30.817522764205933, 30.911810398101807, 35.92934799194336, 47.412861824035645, 30.845829963684082], "25": [47.26634216308594, 53.68102145195007, 60.05721688270569, 67.04702067375183, 53.411540269851685, 60.57133507728577], "30": [117.90334796905518, 148.28157758712769, 117.71651840209961, 127.38918232917786, 108.31385564804077, 127.70901989936829], "40": [355.1578962802887, 275.18798446655273, 370.16806387901306, 321.47899770736694, 305.58503890037537, 322.57822012901306]}