{"5": [0.21904587745666504, 0.0015859603881835938, 0.001699686050415039, 0.001744985580444336, 0.0015940666198730469, 0.0019025802612304688, 0.0014498233795166016, 0.0014843940734863281, 0.0016713142395019531, 0.0014061927795410156, 0.0019407272338867188, 0.0014772415161132812, 0.0017209053039550781, 0.0015039443969726562, 0.0016090869903564453, 0.0019741058349609375, 0.0015153884887695312, 0.0015163421630859375, 0.0013835430145263672, 0.0014548301696777344, 0.0014150142669677734, 0.0014972686767578125, 0.0015063285827636719, 0.0013897418975830078, 0.0013625621795654297], "10": [0.09815001487731934, 0.0022165775299072266, 0.002948284149169922, 0.0020787715911865234, 0.002154827117919922, 0.0021195411682128906, 0.002037525177001953, 0.0031054019927978516, 0.0011162757873535156, 0.0021390914916992188, 0.0011053085327148438, 0.0029449462890625, 0.0030059814453125, 0.0020339488983154297, 0.002987384796142578, 0.0020720958709716797, 0.001186370849609375, 0.0029387474060058594, 0.0011143684387207031, 0.0011379718780517578, 0.00205230712890625, 0.002039194107055664, 0.0011565685272216797, 0.0020647048950195312, 0.0011179447174072266], "15": [0.004408836364746094, 0.09416508674621582, 0.0038280487060546875, 0.004714012145996094, 0.00484013557434082, 0.004713773727416992, 0.0038170814514160156, 0.004605770111083984, 0.003755331039428711, 0.004647970199584961, 0.0047261714935302734, 0.0037937164306640625, 0.0038170814514160156, 0.003804922103881836, 0.003945589065551758, 0.003764629364013672, 0.0038547515869140625, 0.003871440887451172, 0.003777027130126953, 0.002884387969970703, 0.004714488983154297, 0.0037555694580078125, 0.004699230194091797, 0.0046617984771728516, 0.004657745361328125], "20": [0.10911083221435547, 0.010510444641113281, 0.10576319694519043, 0.009180784225463867, 0.009214639663696289, 0.10580062866210938, 0.009092092514038086, 0.008506059646606445, 0.010317087173461914, 0.007481098175048828, 0.0073773860931396484, 0.008348226547241211, 0.009181499481201172, 0.009075641632080078, 0.009176015853881836, 0.008299589157104492, 0.008321523666381836, 0.009220600128173828, 0.00830698013305664, 0.00823831558227539, 0.0073740482330322266, 0.009085655212402344, 0.00825810432434082, 0.008258581161499023, 0.0065364837646484375], "25": [0.11634182929992676, 0.011906147003173828, 0.1174919605255127, 0.13047218322753906, 0.01295924186706543, 0.012171745300292969, 0.014634370803833008, 0.011699199676513672, 0.010885477066040039, 0.01182866096496582, 0.012798070907592773, 0.014540433883666992, 0.013605833053588867, 0.01112675666809082, 0.013763427734375, 0.013881683349609375, 0.013746023178100586, 0.01381540298461914, 0.011846780776977539, 0.011128902435302734, 0.011056184768676758, 0.012542486190795898, 0.0122528076171875, 0.012767314910888672, 0.012696981430053711], "30": [0.209611177444458, 0.02180624008178711, 0.019253969192504883, 0.023951292037963867, 0.01919841766357422, 0.13350224494934082, 0.019150972366333008, 0.1527259349822998, 0.01648259162902832, 0.13860392570495605, 0.018233776092529297, 0.021672487258911133, 0.020380258560180664, 0.01917862892150879, 0.021712064743041992, 0.02025604248046875, 0.019376039505004883, 0.019390344619750977, 0.02097010612487793, 0.019150972366333008, 0.02013850212097168, 0.019841432571411133, 0.020614147186279297, 0.020648956298828125, 0.019115447998046875], "40": [0.20284342765808105, 0.19828033447265625, 0.03637075424194336, 0.038611650466918945, 0.03581595420837402, 0.19547390937805176, 0.20520544052124023, 0.19181084632873535, 0.03712034225463867, 0.03244829177856445, 0.12026047706604004, 0.032982826232910156, 0.034543752670288086, 0.03781843185424805, 0.03641343116760254, 0.03367280960083008, 0.03689742088317871, 0.03337502479553223, 0.039214134216308594, 0.03451800346374512, 0.034590959548950195, 0.03426361083984375, 0.03444385528564453, 0.03457474708557129, 0.0379643440246582], "60": [0.4557929039001465, 0.465362548828125, 0.5076768398284912, 0.07819700241088867, 0.4427921772003174, 0.08050060272216797, 0.0792543888092041, 0.5917725563049316, 0.07774686813354492, 0.08354830741882324, 0.07767224311828613, 0.0803995132446289, 0.08506393432617188, 0.07821989059448242, 0.07843375205993652, 0.08031201362609863, 0.0829925537109375, 0.48098230361938477, 0.08261895179748535, 0.1615598201751709, 0.08302903175354004, 0.08364343643188477, 0.07939910888671875, 0.08194494247436523, 0.08122372627258301], "100": [0.7827591896057129, 0.4598274230957031, 0.22481560707092285, 0.23378753662109375, 0.2310619354248047, 0.4652597904205322, 0.45271944999694824, 0.46712422370910645, 0.48938584327697754, 0.4401252269744873, 0.22650980949401855, 0.23465180397033691, 0.4538705348968506, 0.23122644424438477, 0.47840428352355957, 0.23195505142211914, 0.3360006809234619, 0.3356173038482666, 0.22642970085144043, 0.2331547737121582, 0.3373527526855469, 0.3395967483520508, 0.23354887962341309, 0.23276209831237793, 0.22792696952819824]}