{"5": [0.0034942626953125, 0.002964019775390625, 0.0030841827392578125, 0.003016948699951172, 0.003001689910888672, 0.003054380416870117, 0.002992391586303711, 0.0029418468475341797, 0.0030660629272460938, 0.0029850006103515625, 0.0031218528747558594, 0.0030252933502197266, 0.003040790557861328, 0.0030274391174316406, 0.002984762191772461, 0.002981901168823242, 0.0030002593994140625, 0.003014087677001953, 0.0029659271240234375, 0.002981901168823242, 0.003005504608154297, 0.002965211868286133, 0.0030379295349121094, 0.002979278564453125, 0.0029561519622802734], "10": [0.09491205215454102, 0.07446908950805664, 0.0056836605072021484, 0.005893707275390625, 0.005803823471069336, 0.005857706069946289, 0.004854917526245117, 0.005664825439453125, 0.005712985992431641, 0.005832195281982422, 0.0056362152099609375, 0.004700660705566406, 0.005731344223022461, 0.004787445068359375, 0.004873752593994141, 0.005697727203369141, 0.0057604312896728516, 0.0039048194885253906, 0.005838155746459961, 0.004842519760131836, 0.0057070255279541016, 0.00583648681640625, 0.0048828125, 0.00583338737487793, 0.0057086944580078125], "15": [0.10052824020385742, 0.09728288650512695, 0.007577419281005859, 0.007590532302856445, 0.008291006088256836, 0.00839376449584961, 0.0074732303619384766, 0.008330106735229492, 0.008323431015014648, 0.008239507675170898, 0.007615804672241211, 0.006749153137207031, 0.007561922073364258, 0.0074656009674072266, 0.008617877960205078, 0.00844430923461914, 0.008642911911010742, 0.0075800418853759766, 0.006768226623535156, 0.007720232009887695, 0.0074481964111328125, 0.006581306457519531, 0.009262561798095703, 0.0057752132415771484, 0.005711793899536133], "20": [0.11265373229980469, 0.11880183219909668, 0.01152944564819336, 0.01236724853515625, 0.11496090888977051, 0.011458396911621094, 0.013048410415649414, 0.012695789337158203, 0.012952566146850586, 0.013684511184692383, 0.011260509490966797, 0.012867212295532227, 0.012323141098022461, 0.013089895248413086, 0.013847589492797852, 0.015752553939819336, 0.013901472091674805, 0.01467132568359375, 0.01392364501953125, 0.013844966888427734, 0.015067100524902344, 0.012852191925048828, 0.01222372055053711, 0.010239124298095703, 0.013745307922363281], "25": [0.13326668739318848, 0.014992237091064453, 0.015529632568359375, 0.017059803009033203, 0.017404556274414062, 0.014899253845214844, 0.01744532585144043, 0.016321420669555664, 0.014662981033325195, 0.016753673553466797, 0.015431880950927734, 0.016474008560180664, 0.016593456268310547, 0.015674114227294922, 0.01574254035949707, 0.015809059143066406, 0.01731419563293457, 0.015868425369262695, 0.016719341278076172, 0.016405105590820312, 0.018260955810546875, 0.015585660934448242, 0.015526056289672852, 0.017531871795654297, 0.016660690307617188], "30": [0.15421104431152344, 0.020879030227661133, 0.15613317489624023, 0.14175963401794434, 0.1604759693145752, 0.024864912033081055, 0.023882389068603516, 0.02410292625427246, 0.17056584358215332, 0.02414560317993164, 0.02274036407470703, 0.16213583946228027, 0.02288532257080078, 0.02483534812927246, 0.026388168334960938, 0.025291919708251953, 0.026215314865112305, 0.023996591567993164, 0.024759292602539062, 0.023792266845703125, 0.0235445499420166, 0.024463415145874023, 0.02422642707824707, 0.023519039154052734, 0.021805524826049805], "40": [0.22385382652282715, 0.23267364501953125, 0.03966522216796875, 0.041333675384521484, 0.040197134017944336, 0.04052877426147461, 0.04154825210571289, 0.23704195022583008, 0.21587228775024414, 0.22824907302856445, 0.03976035118103027, 0.23991894721984863, 0.0363309383392334, 0.04091906547546387, 0.041875600814819336, 0.03985786437988281, 0.04413294792175293, 0.04345703125, 0.04008221626281738, 0.03981471061706543, 0.04137301445007324, 0.039403438568115234, 0.04021453857421875, 0.04053187370300293, 0.03951454162597656], "60": [0.4167313575744629, 0.47081995010375977, 0.4966588020324707, 0.43699002265930176, 0.08035707473754883, 0.49428224563598633, 0.08081269264221191, 0.0820307731628418, 0.47611069679260254, 0.07986807823181152, 0.42876243591308594, 0.08221101760864258, 0.07884931564331055, 0.08550500869750977, 0.0779259204864502, 0.08033227920532227, 0.08221912384033203, 0.07983946800231934, 0.07919025421142578, 0.07907438278198242, 0.07882118225097656, 0.08775997161865234, 0.08067679405212402, 0.08399391174316406, 0.07807493209838867], "100": [0.3073587417602539, 0.2959277629852295, 0.5756082534790039, 0.2955048084259033, 0.29825901985168457, 0.3007936477661133, 0.6549484729766846, 0.18843340873718262, 0.1868739128112793, 0.18909144401550293, 0.28723978996276855, 0.2944967746734619, 0.18539047241210938, 0.2973363399505615, 0.187103271484375, 0.6565976142883301, 0.19025897979736328, 0.19086384773254395, 0.18029570579528809, 0.2976677417755127, 0.18816041946411133, 0.6676952838897705, 0.18795013427734375, 0.18297481536865234, 0.1842803955078125]}