{"5": [15.351227283477783, 10.704722166061401, 10.849005699157715, 10.968948364257812, 11.077702283859253, 11.215654611587524], "10": [11.317955255508423, 11.039273023605347, 11.039565563201904, 11.093430280685425, 11.147270917892456, 11.177900791168213], "15": [11.18545413017273, 11.041853666305542, 11.093852281570435, 11.145880460739136, 11.103557586669922, 11.289092779159546], "20": [11.272448062896729, 11.36104941368103, 11.252948522567749, 11.48965835571289, 11.659275531768799, 11.43382453918457], "25": [11.770183801651001, 11.70616602897644, 11.901060581207275, 11.857872247695923, 11.672324657440186, 11.862782001495361], "30": [12.229070901870728, 12.538804769515991, 12.215051889419556, 12.32035207748413, 12.421104907989502, 12.233444213867188], "40": [14.742789268493652, 14.005819320678711, 14.962448835372925, 14.382004499435425, 14.27509093284607, 14.059242963790894]}