{"5": [0.37980008125305176, 0.002669095993041992, 0.0027277469635009766, 0.002605915069580078, 0.002645254135131836, 0.0030770301818847656], "10": [0.2562220096588135, 0.0055675506591796875, 0.005913734436035156, 0.0072021484375, 0.16407394409179688, 0.004288673400878906], "15": [0.18906641006469727, 0.17700767517089844, 0.17412853240966797, 0.009047746658325195, 0.0071752071380615234, 0.008754253387451172], "20": [0.18960285186767578, 0.014941692352294922, 0.014963388442993164, 0.19664669036865234, 0.020366430282592773, 0.016423463821411133], "25": [0.1972675323486328, 0.19898223876953125, 0.2108914852142334, 0.2116401195526123, 0.02720928192138672, 0.022487163543701172], "30": [0.233720064163208, 0.24178075790405273, 0.03484702110290527, 0.23876190185546875, 0.22929644584655762, 0.0348057746887207], "40": [0.29482340812683105, 0.2764747142791748, 0.3051748275756836, 0.29150986671447754, 0.2861497402191162, 0.05944323539733887]}