{"5": [0.0001938343048095703, 0.12343072891235352, 0.12496232986450195, 0.12007546424865723, 0.12479066848754883, 0.11792182922363281], "10": [0.10154891014099121, 0.07690310478210449, 0.08883190155029297, 0.08221721649169922, 0.07931089401245117, 0.08358907699584961], "15": [0.10024571418762207, 0.09011077880859375, 0.08063650131225586, 0.09003925323486328, 0.08710265159606934, 0.08317780494689941], "20": [0.07377433776855469, 0.07539916038513184, 0.07794594764709473, 0.08274579048156738, 0.0838015079498291, 0.0908048152923584], "25": [0.0794379711151123, 0.08549785614013672, 0.07851290702819824, 0.07624220848083496, 0.08454298973083496, 0.09160995483398438], "30": [0.08816742897033691, 0.08868694305419922, 0.08309698104858398, 0.08361101150512695, 0.1026456356048584, 0.09955716133117676], "40": [0.09252572059631348, 0.10184240341186523, 0.09627819061279297, 0.10366368293762207, 0.1083683967590332, 0.10328841209411621]}