{"1": 842.629409, "2": 151.64793100000009, "4": 418.33716000000004}