{"1": 42.671662999999995, "2": 23.881820999999995, "4": 29.042332000000002, "8": 43.58260299999999, "16": 83.413059, "32": 157.752067}