{"0": [21.167941331863403, 12.058656692504883, 9.718715190887451, 9.710907936096191, 9.73410439491272, 9.701013088226318], "1": [27.441848516464233, 19.239765405654907, 16.39073371887207, 16.44646143913269, 16.457542896270752, 16.373522758483887], "2": [27.78331971168518, 19.183695077896118, 16.415927171707153, 16.791045665740967, 16.309824228286743, 16.36464548110962], "3": [27.54822826385498, 19.20524501800537, 16.998661041259766, 16.556348085403442, 16.538085460662842, 16.58644986152649], "4": [31.756919622421265, 22.753339052200317, 20.315946102142334, 20.376232624053955, 20.38831090927124, 20.366928100585938], "5": [33.07059407234192, 24.281287908554077, 22.317769765853882, 22.418938159942627, 22.338499784469604, 22.300848245620728], "6": [36.81671094894409, 25.033777713775635, 25.136632442474365, 24.616041898727417, 24.649269104003906, 24.723335027694702], "7": [38.52318787574768, 27.510517835617065, 27.465864658355713, 27.433953285217285, 27.505165100097656, 27.51097559928894], "8": [42.71914529800415, 31.514876127243042, 31.404253721237183, 31.430612087249756, 31.439586400985718, 31.39572548866272], "9": [48.29159140586853, 34.553866386413574, 34.56288290023804, 34.72960114479065, 34.52464985847473, 34.98335671424866]}