{"0": [17.778075456619263, 5.507119178771973, 5.498378753662109, 5.457859754562378, 5.600789308547974, 5.6393723487854], "1": [36.15035009384155, 16.6627299785614, 16.959065914154053, 16.399635314941406, 16.669605493545532, 16.143874645233154], "2": [52.23406720161438, 24.59211778640747, 23.53350305557251, 23.511146783828735, 23.72938871383667, 24.271336793899536], "3": [62.38980793952942, 34.64366912841797, 34.27884268760681, 34.27766013145447, 34.99737334251404, 34.68006610870361], "4": [74.2532696723938, 46.321839570999146, 46.432738304138184, 46.389652252197266, 45.8976845741272, 45.828213691711426], "5": [101.88726663589478, 61.770976066589355, 61.12915635108948, 61.583115577697754, 60.78706955909729, 62.04297947883606], "6": [107.63195037841797, 92.86959624290466, 92.62923836708069, 88.50657725334167, 81.99796175956726, 84.26899981498718], "7": [244.06971788406372, 211.74868392944336, 214.60305094718933, 207.1668577194214, 212.57223296165466, 207.40350770950317], "8": [437.6327016353607, 425.1425929069519, 435.4067077636719, 439.9619417190552, 409.0498492717743, 450.98357129096985], "9": [512.5204539299011, 478.32556343078613, 474.40182185173035, 514.832902431488, 571.1599056720734, 519.2752449512482]}