{"1": 246.42623899999998, "2": 54.02586400000001, "4": 107.27285999999998, "8": 254.81489900000003, "16": 662.8142730000001}