{"0": [23.713092803955078, 10.706275939941406, 10.93477988243103, 10.654541730880737, 10.642895221710205, 11.171359777450562], "1": [26.54746413230896, 15.31559681892395, 15.292519569396973, 15.281141519546509, 15.804224967956543, 15.351552248001099], "2": [29.156766891479492, 15.865538835525513, 15.771839380264282, 15.773910760879517, 15.784575700759888, 15.877703428268433], "3": [27.583720445632935, 17.235265493392944, 16.74885654449463, 16.762643337249756, 16.760151624679565, 17.216625928878784], "4": [31.382046461105347, 20.248544454574585, 20.12010955810547, 20.082756519317627, 20.585830450057983, 20.401423692703247], "5": [33.608203649520874, 22.576874017715454, 22.618671417236328, 22.419135570526123, 22.366153717041016, 22.628636360168457], "6": [36.311524868011475, 25.349608182907104, 25.33295512199402, 25.241132020950317, 25.28500747680664, 25.859800338745117], "7": [38.28577184677124, 27.703070163726807, 27.536386251449585, 27.472731351852417, 28.00965118408203, 27.711097955703735], "8": [42.715513944625854, 31.990965604782104, 31.693163871765137, 31.661036014556885, 31.732005834579468, 32.047597885131836], "9": [46.45568013191223, 35.633578300476074, 35.2959406375885, 35.3996798992157, 35.36420512199402, 35.545823097229004]}