{"0": [10.106867551803589, 4.161799430847168, 4.224388837814331, 4.213816404342651, 4.197426795959473, 4.194823265075684], "1": [22.80213499069214, 16.16853976249695, 16.626088857650757, 16.223845958709717, 16.19837474822998, 16.25273585319519], "2": [26.676501989364624, 16.46132206916809, 16.448936700820923, 16.835710763931274, 16.414705276489258, 16.559309720993042], "3": [26.360171794891357, 16.49687957763672, 16.477503538131714, 16.505586862564087, 16.509233713150024, 16.596285581588745], "4": [26.32944345474243, 16.471220016479492, 16.996480464935303, 16.62706160545349, 16.554543495178223, 16.5920090675354], "5": [26.008206844329834, 16.49169945716858, 16.474298238754272, 16.902584075927734, 16.52696204185486, 16.485549688339233], "6": [26.094038724899292, 16.543603897094727, 16.55829095840454, 16.63885807991028, 16.576108694076538, 16.626079320907593], "7": [26.382446765899658, 16.467257976531982, 16.582948446273804, 16.54789113998413, 16.495244026184082, 16.57099747657776], "8": [26.860345602035522, 16.562020301818848, 16.501135110855103, 16.909773588180542, 16.532214641571045, 16.513657093048096], "9": [26.29806661605835, 16.713963270187378, 16.623202562332153, 16.49586296081543, 16.499403715133667, 16.7232882976532]}