{"0": [10.694175720214844, 4.410181045532227, 4.47058892250061, 4.509753227233887, 4.533268928527832, 4.407923460006714], "1": [24.14072847366333, 16.696388483047485, 17.195723295211792, 17.11473321914673, 17.033249378204346, 16.778759241104126], "2": [28.97121572494507, 17.599013090133667, 18.142051458358765, 18.061078310012817, 17.907584190368652, 17.657294511795044], "3": [28.139193773269653, 17.657210111618042, 18.103743314743042, 18.133444786071777, 18.16206407546997, 17.764134168624878], "4": [28.332321643829346, 17.56454873085022, 18.17852783203125, 18.12212038040161, 17.514005661010742, 17.916967391967773], "5": [27.852970361709595, 17.869409561157227, 18.278062105178833, 18.16065788269043, 18.411895513534546, 17.934466123580933], "6": [31.004760026931763, 18.064650058746338, 18.209941864013672, 18.11996555328369, 17.531242609024048, 17.900878190994263], "7": [29.25267004966736, 18.879577159881592, 18.205825328826904, 18.2761127948761, 17.56603240966797, 18.008538961410522], "8": [28.734798431396484, 17.930330991744995, 18.24605441093445, 18.180068254470825, 17.560646772384644, 18.041390657424927], "9": [28.34419536590576, 17.754456758499146, 18.175308227539062, 18.164260149002075, 17.548990964889526, 17.882615566253662], "10": [28.28771448135376, 17.791627883911133, 18.17660641670227, 18.138869047164917, 18.409716844558716, 17.614639282226562], "11": [29.17155909538269, 18.69168996810913, 18.99544382095337, 19.03735065460205, 18.48858404159546, 18.579659461975098], "12": [33.055224657058716, 22.88169026374817, 22.949756622314453, 23.702758073806763, 22.47580099105835, 22.60349154472351], "13": [35.00714659690857, 24.61280655860901, 24.666932106018066, 24.628873825073242, 24.357864141464233, 24.652154207229614], "14": [37.23756527900696, 27.360587120056152, 27.42607355117798, 27.36901330947876, 27.181918144226074, 27.14047408103943], "15": [40.640931129455566, 30.13479709625244, 30.375856399536133, 30.234686613082886, 30.072747230529785, 29.836227416992188], "16": [44.90530014038086, 34.2130970954895, 34.45510935783386, 34.574801445007324, 34.224785566329956, 34.21671533584595], "17": [52.38477802276611, 38.40714240074158, 38.36655616760254, 39.039804458618164, 38.248708724975586, 38.21250510215759], "18": [52.747154712677, 43.38712501525879, 43.11513328552246, 43.08476710319519, 42.881762742996216, 42.86193871498108], "19": [58.34125995635986, 49.710365772247314, 48.7089569568634, 48.85011148452759, 48.50783133506775, 48.50372648239136]}