{"0": [10.905812501907349, 4.720648288726807, 4.702495336532593, 4.708417892456055, 4.700709104537964, 4.701427459716797], "1": [26.136263370513916, 18.975162744522095, 18.32113742828369, 18.356333255767822, 18.4381206035614, 18.34261178970337], "2": [29.145376920700073, 18.562919855117798, 18.566542387008667, 18.53934335708618, 18.66467833518982, 18.593459606170654], "3": [28.30769944190979, 18.544636249542236, 18.482476472854614, 18.56950330734253, 18.66609025001526, 18.673030853271484], "4": [29.469388008117676, 18.55260443687439, 18.606019258499146, 18.703560829162598, 18.649824142456055, 18.66557812690735], "5": [28.89107847213745, 18.751466751098633, 18.69028377532959, 18.794944524765015, 18.76099681854248, 18.713340282440186], "6": [28.92449641227722, 18.6273455619812, 18.604495525360107, 18.647306442260742, 18.745672702789307, 18.697940587997437], "7": [28.70556640625, 18.693909883499146, 18.761082887649536, 18.742311716079712, 18.770941495895386, 18.73714828491211], "8": [28.983027935028076, 18.716465711593628, 19.309022426605225, 18.69086456298828, 18.647034645080566, 18.631236791610718], "9": [28.7421395778656, 18.654033184051514, 18.71698832511902, 18.61289930343628, 18.612993717193604, 18.59494113922119], "10": [28.636820554733276, 18.563434839248657, 19.227192163467407, 18.6653573513031, 18.6913583278656, 18.693681955337524], "11": [29.820085525512695, 19.57177996635437, 19.614084720611572, 19.737278699874878, 19.592766761779785, 19.533278226852417], "12": [33.828375816345215, 23.499419450759888, 23.5175724029541, 23.466822385787964, 23.570806741714478, 23.428608655929565], "13": [35.44594168663025, 25.146437644958496, 25.178704977035522, 25.2247257232666, 25.26583433151245, 25.024336338043213], "14": [38.30744695663452, 27.961830139160156, 28.011985301971436, 28.086642265319824, 27.995696544647217, 27.824034690856934]}