{"0": [10.054491996765137, 4.16015887260437, 4.168139457702637, 4.1792261600494385, 4.188122510910034, 4.180969476699829], "1": [23.414541721343994, 16.029059648513794, 16.103418827056885, 16.10432529449463, 16.123455286026, 16.13530683517456], "2": [28.082682132720947, 16.519447565078735, 16.270036458969116, 16.16953754425049, 16.376800060272217, 16.308918237686157], "3": [26.748822450637817, 16.312010049819946, 16.406836986541748, 16.314148664474487, 16.545409679412842, 16.509065866470337], "4": [26.34000563621521, 16.26877522468567, 16.32538914680481, 16.320194959640503, 16.38108468055725, 16.366113424301147], "5": [26.311546087265015, 16.48354959487915, 16.45978617668152, 16.428860664367676, 16.5218722820282, 16.47048830986023], "6": [26.645604610443115, 16.473018884658813, 16.435142993927002, 16.357186317443848, 16.541151762008667, 16.40653133392334], "7": [27.331117391586304, 16.498139142990112, 16.859752655029297, 16.30111598968506, 16.495890378952026, 16.434423685073853], "8": [26.39143466949463, 16.37836718559265, 16.346359968185425, 16.46869134902954, 16.531352758407593, 16.491873741149902], "9": [26.622111558914185, 16.353949069976807, 16.37679386138916, 16.455263376235962, 16.477720260620117, 16.430492877960205]}