{"0": [22.47935914993286, 10.633944749832153, 10.67848801612854, 10.820891618728638, 10.683201789855957, 10.721604585647583], "1": [32.052820444107056, 16.9328396320343, 16.41927480697632, 16.566779375076294, 16.4207501411438, 17.125144720077515], "2": [35.32337737083435, 16.673744201660156, 17.274467706680298, 16.689723014831543, 17.294705867767334, 16.7841637134552], "3": [36.01715159416199, 17.457351446151733, 18.172245740890503, 17.545381784439087, 17.453370332717896, 17.629823923110962], "4": [39.510292530059814, 20.692508459091187, 20.82132649421692, 20.86331605911255, 20.64057445526123, 20.92455792427063], "5": [42.07438349723816, 22.96855401992798, 23.21817445755005, 23.06451916694641, 23.212340354919434, 23.22634744644165], "6": [44.872602224349976, 25.511529207229614, 25.71151041984558, 25.662758588790894, 25.73305368423462, 25.846928596496582], "7": [46.845749855041504, 28.196473360061646, 28.20975685119629, 27.996291637420654, 28.155999422073364, 28.829717874526978], "8": [55.067389488220215, 32.78415083885193, 32.26550507545471, 32.09128975868225, 32.71989870071411, 32.199129819869995], "9": [57.44021391868591, 36.3285710811615, 36.20267629623413, 36.07655191421509, 35.61784267425537, 35.69687104225159]}